{
    "itineraries": {
        "results": [
            {
                "id": "10957-2305150455--31475-1-10075-2305151305",
                "legs": [
                    {
                        "id": "10957-2305150455--31475-1-10075-2305151305",
                        "origin": {
                            "id": 10957,
                            "name": "New Delhi",
                            "displayCode": "DEL"
                        },
                        "destination": {
                            "id": 10075,
                            "name": "Mumbai",
                            "displayCode": "BOM"
                        },
                        "durationInMinutes": 490,
                        "stopCount": 1,
                        "isSmallestStops": true,
                        "departure": "2023-05-15T04:55:00",
                        "arrival": "2023-05-15T13:05:00",
                        "timeDeltaInDays": 0,
                        "carriers": {
                            "marketing": [
                                {
                                    "id": -31475,
                                    "name": "AirAsia India"
                                }
                            ],
                            "operationType": "fully_operated"
                        },
                        "segments": [
                            {
                                "id": "10957-12651-2305150455-2305150605--31475",
                                "origin": {
                                    "flightPlaceId": "DEL",
                                    "parent": {
                                        "flightPlaceId": "DEL",
                                        "name": "New Delhi",
                                        "type": "City"
                                    },
                                    "name": "New Delhi",
                                    "type": "Airport"
                                },
                                "destination": {
                                    "flightPlaceId": "JAI",
                                    "parent": {
                                        "flightPlaceId": "JAI",
                                        "name": "Jaipur",
                                        "type": "City"
                                    },
                                    "name": "Jaipur",
                                    "type": "Airport"
                                },
                                "departure": "2023-05-15T04:55:00",
                                "arrival": "2023-05-15T06:05:00",
                                "durationInMinutes": 70,
                                "flightNumber": "743",
                                "marketingCarrier": {
                                    "id": -31475,
                                    "name": "AirAsia India",
                                    "alternate_di": "04"
                                },
                                "operatingCarrier": {
                                    "id": -31475,
                                    "name": "AirAsia India",
                                    "alternate_di": "04"
                                }
                            },
                            {
                                "id": "12651-10075-2305151105-2305151305--31475",
                                "origin": {
                                    "flightPlaceId": "JAI",
                                    "parent": {
                                        "flightPlaceId": "JAI",
                                        "name": "Jaipur",
                                        "type": "City"
                                    },
                                    "name": "Jaipur",
                                    "type": "Airport"
                                },
                                "destination": {
                                    "flightPlaceId": "BOM",
                                    "parent": {
                                        "flightPlaceId": "BOM",
                                        "name": "Mumbai",
                                        "type": "City"
                                    },
                                    "name": "Mumbai",
                                    "type": "Airport"
                                },
                                "departure": "2023-05-15T11:05:00",
                                "arrival": "2023-05-15T13:05:00",
                                "durationInMinutes": 120,
                                "flightNumber": "762",
                                "marketingCarrier": {
                                    "id": -31475,
                                    "name": "AirAsia India",
                                    "alternate_di": "04"
                                },
                                "operatingCarrier": {
                                    "id": -31475,
                                    "name": "AirAsia India",
                                    "alternate_di": "04"
                                }
                            }
                        ]
                    }
                ],
                "pricing_options": [
                    {
                        "agents": [
                            {
                                "id": "asin",
                                "name": "AirAsia India",
                                "is_carrier": true,
                                "update_status": "pending",
                                "optimised_for_mobile": true,
                                "live_update_allowed": true,
                                "rating_status": "available",
                                "rating": 2.16,
                                "feedback_count": 557,
                                "rating_breakdown": {
                                    "reliable_prices": 2.075904,
                                    "clear_extra_fees": 3.884624,
                                    "customer_service": 5,
                                    "ease_of_booking": 2.015616,
                                    "other": 1
                                }
                            }
                        ],
                        "price": {
                            "amount": 8069.82,
                            "update_status": "pending",
                            "last_updated": "2022-12-28T02:34:00",
                            "quote_age": 172
                        },
                        "url": "https://www.skyscanner.net/transport_deeplink/4.0/UK/en-GB/INR/asin/1/10957.10075.2023-05-15/air/airli/flights?itinerary=flight%7C-31475%7C743%7C10957%7C2023-05-15T04%3A55%7C12651%7C2023-05-15T06%3A05%7C70%7CKNRA015%7CK%7C-%3Bflight%7C-31475%7C762%7C12651%7C2023-05-15T11%3A05%7C10075%7C2023-05-15T13%3A05%7C120%7CKNRA015%7CK%7C-&carriers=-31475&operators=-31475%3B-31475&passengers=1&channel=website&cabin_class=economy&facilitated=false&ticket_price=8069.82&is_npt=false&is_multipart=false&client_id=skyscanner_website&q_sources=JACQUARD&commercial_filters=false&q_datetime_utc=2022-12-28T02%3A34%3A00&pqid=false"
                    }
                ],
                "deeplink": "https://www.skyscanner.net/transport/flights/del/bom/230515/config/10957-2305150455--31475-1-10075-2305151305?adults=1&adultsv2=1&cabinclass=economy&children=0&childrenv2=&destinationentityid=27539520&originentityid=27540706&inboundaltsenabled=false&infants=0&outboundaltsenabled=false&preferdirects=false&ref=home&rtn=0"
            },
            {
                "id": "10957-2305152000--31475-1-10075-2305160220",
                "legs": [
                    {
                        "id": "10957-2305152000--31475-1-10075-2305160220",
                        "origin": {
                            "id": 10957,
                            "name": "New Delhi",
                            "displayCode": "DEL"
                        },
                        "destination": {
                            "id": 10075,
                            "name": "Mumbai",
                            "displayCode": "BOM"
                        },
                        "durationInMinutes": 380,
                        "stopCount": 1,
                        "isSmallestStops": true,
                        "departure": "2023-05-15T20:00:00",
                        "arrival": "2023-05-16T02:20:00",
                        "timeDeltaInDays": 0,
                        "carriers": {
                            "marketing": [
                                {
                                    "id": -31475,
                                    "name": "AirAsia India"
                                }
                            ],
                            "operationType": "fully_operated"
                        },
                        "segments": [
                            {
                                "id": "10957-11906-2305152000-2305152235--31475",
                                "origin": {
                                    "flightPlaceId": "DEL",
                                    "parent": {
                                        "flightPlaceId": "DEL",
                                        "name": "New Delhi",
                                        "type": "City"
                                    },
                                    "name": "New Delhi",
                                    "type": "Airport"
                                },
                                "destination": {
                                    "flightPlaceId": "GOI",
                                    "parent": {
                                        "flightPlaceId": "GOI",
                                        "name": "Marmagao",
                                        "type": "City"
                                    },
                                    "name": "Goa",
                                    "type": "Airport"
                                },
                                "departure": "2023-05-15T20:00:00",
                                "arrival": "2023-05-15T22:35:00",
                                "durationInMinutes": 155,
                                "flightNumber": "773",
                                "marketingCarrier": {
                                    "id": -31475,
                                    "name": "AirAsia India",
                                    "alternate_di": "04"
                                },
                                "operatingCarrier": {
                                    "id": -31475,
                                    "name": "AirAsia India",
                                    "alternate_di": "04"
                                }
                            },
                            {
                                "id": "11906-10075-2305160100-2305160220--31475",
                                "origin": {
                                    "flightPlaceId": "GOI",
                                    "parent": {
                                        "flightPlaceId": "GOI",
                                        "name": "Marmagao",
                                        "type": "City"
                                    },
                                    "name": "Goa",
                                    "type": "Airport"
                                },
                                "destination": {
                                    "flightPlaceId": "BOM",
                                    "parent": {
                                        "flightPlaceId": "BOM",
                                        "name": "Mumbai",
                                        "type": "City"
                                    },
                                    "name": "Mumbai",
                                    "type": "Airport"
                                },
                                "departure": "2023-05-16T01:00:00",
                                "arrival": "2023-05-16T02:20:00",
                                "durationInMinutes": 80,
                                "flightNumber": "472",
                                "marketingCarrier": {
                                    "id": -31475,
                                    "name": "AirAsia India",
                                    "alternate_di": "04"
                                },
                                "operatingCarrier": {
                                    "id": -31475,
                                    "name": "AirAsia India",
                                    "alternate_di": "04"
                                }
                            }
                        ]
                    }
                ],
                "pricing_options": [
                    {
                        "agents": [
                            {
                                "id": "asin",
                                "name": "AirAsia India",
                                "is_carrier": true,
                                "update_status": "pending",
                                "optimised_for_mobile": true,
                                "live_update_allowed": true,
                                "rating_status": "available",
                                "rating": 2.16,
                                "feedback_count": 557,
                                "rating_breakdown": {
                                    "reliable_prices": 2.075904,
                                    "clear_extra_fees": 3.884624,
                                    "customer_service": 5,
                                    "ease_of_booking": 2.015616,
                                    "other": 1
                                }
                            }
                        ],
                        "price": {
                            "amount": 11277.71,
                            "update_status": "pending",
                            "last_updated": "2022-12-28T02:34:00",
                            "quote_age": 172
                        },
                        "url": "https://www.skyscanner.net/transport_deeplink/4.0/UK/en-GB/INR/asin/1/10957.10075.2023-05-15/air/airli/flights?itinerary=flight%7C-31475%7C773%7C10957%7C2023-05-15T20%3A00%7C11906%7C2023-05-15T22%3A35%7C155%7CKNRA015%7CK%7C-%3Bflight%7C-31475%7C472%7C11906%7C2023-05-16T01%3A00%7C10075%7C2023-05-16T02%3A20%7C80%7CKNRA015%7CK%7C-&carriers=-31475&operators=-31475%3B-31475&passengers=1&channel=website&cabin_class=economy&facilitated=false&ticket_price=11277.71&is_npt=false&is_multipart=false&client_id=skyscanner_website&q_sources=JACQUARD&commercial_filters=false&q_datetime_utc=2022-12-28T02%3A34%3A00&pqid=false"
                    }
                ],
                "deeplink": "https://www.skyscanner.net/transport/flights/del/bom/230515/config/10957-2305152000--31475-1-10075-2305160220?adults=1&adultsv2=1&cabinclass=economy&children=0&childrenv2=&destinationentityid=27539520&originentityid=27540706&inboundaltsenabled=false&infants=0&outboundaltsenabled=false&preferdirects=false&ref=home&rtn=0"
            },
            {
                "id": "10957-2305151905--31475-1-10075-2305160040",
                "legs": [
                    {
                        "id": "10957-2305151905--31475-1-10075-2305160040",
                        "origin": {
                            "id": 10957,
                            "name": "New Delhi",
                            "displayCode": "DEL"
                        },
                        "destination": {
                            "id": 10075,
                            "name": "Mumbai",
                            "displayCode": "BOM"
                        },
                        "durationInMinutes": 335,
                        "stopCount": 1,
                        "isSmallestStops": true,
                        "departure": "2023-05-15T19:05:00",
                        "arrival": "2023-05-16T00:40:00",
                        "timeDeltaInDays": 0,
                        "carriers": {
                            "marketing": [
                                {
                                    "id": -31475,
                                    "name": "AirAsia India"
                                }
                            ],
                            "operationType": "fully_operated"
                        },
                        "segments": [
                            {
                                "id": "10957-10002-2305151905-2305152145--31475",
                                "origin": {
                                    "flightPlaceId": "DEL",
                                    "parent": {
                                        "flightPlaceId": "DEL",
                                        "name": "New Delhi",
                                        "type": "City"
                                    },
                                    "name": "New Delhi",
                                    "type": "Airport"
                                },
                                "destination": {
                                    "flightPlaceId": "BLR",
                                    "parent": {
                                        "flightPlaceId": "BLR",
                                        "name": "Bengaluru",
                                        "type": "City"
                                    },
                                    "name": "Bengaluru",
                                    "type": "Airport"
                                },
                                "departure": "2023-05-15T19:05:00",
                                "arrival": "2023-05-15T21:45:00",
                                "durationInMinutes": 160,
                                "flightNumber": "857",
                                "marketingCarrier": {
                                    "id": -31475,
                                    "name": "AirAsia India",
                                    "alternate_di": "04"
                                },
                                "operatingCarrier": {
                                    "id": -31475,
                                    "name": "AirAsia India",
                                    "alternate_di": "04"
                                }
                            },
                            {
                                "id": "10002-10075-2305152250-2305160040--31475",
                                "origin": {
                                    "flightPlaceId": "BLR",
                                    "parent": {
                                        "flightPlaceId": "BLR",
                                        "name": "Bengaluru",
                                        "type": "City"
                                    },
                                    "name": "Bengaluru",
                                    "type": "Airport"
                                },
                                "destination": {
                                    "flightPlaceId": "BOM",
                                    "parent": {
                                        "flightPlaceId": "BOM",
                                        "name": "Mumbai",
                                        "type": "City"
                                    },
                                    "name": "Mumbai",
                                    "type": "Airport"
                                },
                                "departure": "2023-05-15T22:50:00",
                                "arrival": "2023-05-16T00:40:00",
                                "durationInMinutes": 110,
                                "flightNumber": "334",
                                "marketingCarrier": {
                                    "id": -31475,
                                    "name": "AirAsia India",
                                    "alternate_di": "04"
                                },
                                "operatingCarrier": {
                                    "id": -31475,
                                    "name": "AirAsia India",
                                    "alternate_di": "04"
                                }
                            }
                        ]
                    }
                ],
                "pricing_options": [
                    {
                        "agents": [
                            {
                                "id": "asin",
                                "name": "AirAsia India",
                                "is_carrier": true,
                                "update_status": "pending",
                                "optimised_for_mobile": true,
                                "live_update_allowed": true,
                                "rating_status": "available",
                                "rating": 2.16,
                                "feedback_count": 557,
                                "rating_breakdown": {
                                    "reliable_prices": 2.075904,
                                    "clear_extra_fees": 3.884624,
                                    "customer_service": 5,
                                    "ease_of_booking": 2.015616,
                                    "other": 1
                                }
                            }
                        ],
                        "price": {
                            "amount": 12353.9,
                            "update_status": "pending",
                            "last_updated": "2022-12-28T02:34:00",
                            "quote_age": 172
                        },
                        "url": "https://www.skyscanner.net/transport_deeplink/4.0/UK/en-GB/INR/asin/1/10957.10075.2023-05-15/air/airli/flights?itinerary=flight%7C-31475%7C857%7C10957%7C2023-05-15T19%3A05%7C10002%7C2023-05-15T21%3A45%7C160%7CKNRA000%7CK%7C-%3Bflight%7C-31475%7C334%7C10002%7C2023-05-15T22%3A50%7C10075%7C2023-05-16T00%3A40%7C110%7CKNRA000%7CK%7C-&carriers=-31475&operators=-31475%3B-31475&passengers=1&channel=website&cabin_class=economy&facilitated=false&ticket_price=12353.90&is_npt=false&is_multipart=false&client_id=skyscanner_website&q_sources=JACQUARD&commercial_filters=false&q_datetime_utc=2022-12-28T02%3A34%3A00&pqid=false"
                    }
                ],
                "deeplink": "https://www.skyscanner.net/transport/flights/del/bom/230515/config/10957-2305151905--31475-1-10075-2305160040?adults=1&adultsv2=1&cabinclass=economy&children=0&childrenv2=&destinationentityid=27539520&originentityid=27540706&inboundaltsenabled=false&infants=0&outboundaltsenabled=false&preferdirects=false&ref=home&rtn=0"
            },
            {
                "id": "10957-2305151315--31475-1-10075-2305151955",
                "legs": [
                    {
                        "id": "10957-2305151315--31475-1-10075-2305151955",
                        "origin": {
                            "id": 10957,
                            "name": "New Delhi",
                            "displayCode": "DEL"
                        },
                        "destination": {
                            "id": 10075,
                            "name": "Mumbai",
                            "displayCode": "BOM"
                        },
                        "durationInMinutes": 400,
                        "stopCount": 1,
                        "isSmallestStops": true,
                        "departure": "2023-05-15T13:15:00",
                        "arrival": "2023-05-15T19:55:00",
                        "timeDeltaInDays": 0,
                        "carriers": {
                            "marketing": [
                                {
                                    "id": -31475,
                                    "name": "AirAsia India"
                                }
                            ],
                            "operationType": "fully_operated"
                        },
                        "segments": [
                            {
                                "id": "10957-13601-2305151315-2305151425--31475",
                                "origin": {
                                    "flightPlaceId": "DEL",
                                    "parent": {
                                        "flightPlaceId": "DEL",
                                        "name": "New Delhi",
                                        "type": "City"
                                    },
                                    "name": "New Delhi",
                                    "type": "Airport"
                                },
                                "destination": {
                                    "flightPlaceId": "LKO",
                                    "parent": {
                                        "flightPlaceId": "LKO",
                                        "name": "Lucknow",
                                        "type": "City"
                                    },
                                    "name": "Lucknow",
                                    "type": "Airport"
                                },
                                "departure": "2023-05-15T13:15:00",
                                "arrival": "2023-05-15T14:25:00",
                                "durationInMinutes": 70,
                                "flightNumber": "745",
                                "marketingCarrier": {
                                    "id": -31475,
                                    "name": "AirAsia India",
                                    "alternate_di": "04"
                                },
                                "operatingCarrier": {
                                    "id": -31475,
                                    "name": "AirAsia India",
                                    "alternate_di": "04"
                                }
                            },
                            {
                                "id": "13601-10075-2305151735-2305151955--31475",
                                "origin": {
                                    "flightPlaceId": "LKO",
                                    "parent": {
                                        "flightPlaceId": "LKO",
                                        "name": "Lucknow",
                                        "type": "City"
                                    },
                                    "name": "Lucknow",
                                    "type": "Airport"
                                },
                                "destination": {
                                    "flightPlaceId": "BOM",
                                    "parent": {
                                        "flightPlaceId": "BOM",
                                        "name": "Mumbai",
                                        "type": "City"
                                    },
                                    "name": "Mumbai",
                                    "type": "Airport"
                                },
                                "departure": "2023-05-15T17:35:00",
                                "arrival": "2023-05-15T19:55:00",
                                "durationInMinutes": 140,
                                "flightNumber": "338",
                                "marketingCarrier": {
                                    "id": -31475,
                                    "name": "AirAsia India",
                                    "alternate_di": "04"
                                },
                                "operatingCarrier": {
                                    "id": -31475,
                                    "name": "AirAsia India",
                                    "alternate_di": "04"
                                }
                            }
                        ]
                    }
                ],
                "pricing_options": [
                    {
                        "agents": [
                            {
                                "id": "asin",
                                "name": "AirAsia India",
                                "is_carrier": true,
                                "update_status": "pending",
                                "optimised_for_mobile": true,
                                "live_update_allowed": true,
                                "rating_status": "available",
                                "rating": 2.16,
                                "feedback_count": 557,
                                "rating_breakdown": {
                                    "reliable_prices": 2.075904,
                                    "clear_extra_fees": 3.884624,
                                    "customer_service": 5,
                                    "ease_of_booking": 2.015616,
                                    "other": 1
                                }
                            }
                        ],
                        "price": {
                            "amount": 11404.37,
                            "update_status": "pending",
                            "last_updated": "2022-12-28T02:34:00",
                            "quote_age": 172
                        },
                        "url": "https://www.skyscanner.net/transport_deeplink/4.0/UK/en-GB/INR/asin/1/10957.10075.2023-05-15/air/airli/flights?itinerary=flight%7C-31475%7C745%7C10957%7C2023-05-15T13%3A15%7C13601%7C2023-05-15T14%3A25%7C70%7CKNRA015%7CK%7C-%3Bflight%7C-31475%7C338%7C13601%7C2023-05-15T17%3A35%7C10075%7C2023-05-15T19%3A55%7C140%7CKNRA015%7CK%7C-&carriers=-31475&operators=-31475%3B-31475&passengers=1&channel=website&cabin_class=economy&facilitated=false&ticket_price=11404.37&is_npt=false&is_multipart=false&client_id=skyscanner_website&q_sources=JACQUARD&commercial_filters=false&q_datetime_utc=2022-12-28T02%3A34%3A00&pqid=false"
                    }
                ],
                "deeplink": "https://www.skyscanner.net/transport/flights/del/bom/230515/config/10957-2305151315--31475-1-10075-2305151955?adults=1&adultsv2=1&cabinclass=economy&children=0&childrenv2=&destinationentityid=27539520&originentityid=27540706&inboundaltsenabled=false&infants=0&outboundaltsenabled=false&preferdirects=false&ref=home&rtn=0"
            },
            {
                "id": "10957-2305150930--31475-1-10075-2305151900",
                "legs": [
                    {
                        "id": "10957-2305150930--31475-1-10075-2305151900",
                        "origin": {
                            "id": 10957,
                            "name": "New Delhi",
                            "displayCode": "DEL"
                        },
                        "destination": {
                            "id": 10075,
                            "name": "Mumbai",
                            "displayCode": "BOM"
                        },
                        "durationInMinutes": 570,
                        "stopCount": 1,
                        "isSmallestStops": true,
                        "departure": "2023-05-15T09:30:00",
                        "arrival": "2023-05-15T19:00:00",
                        "timeDeltaInDays": 0,
                        "carriers": {
                            "marketing": [
                                {
                                    "id": -31475,
                                    "name": "AirAsia India"
                                }
                            ],
                            "operationType": "fully_operated"
                        },
                        "segments": [
                            {
                                "id": "10957-10002-2305150930-2305151215--31475",
                                "origin": {
                                    "flightPlaceId": "DEL",
                                    "parent": {
                                        "flightPlaceId": "DEL",
                                        "name": "New Delhi",
                                        "type": "City"
                                    },
                                    "name": "New Delhi",
                                    "type": "Airport"
                                },
                                "destination": {
                                    "flightPlaceId": "BLR",
                                    "parent": {
                                        "flightPlaceId": "BLR",
                                        "name": "Bengaluru",
                                        "type": "City"
                                    },
                                    "name": "Bengaluru",
                                    "type": "Airport"
                                },
                                "departure": "2023-05-15T09:30:00",
                                "arrival": "2023-05-15T12:15:00",
                                "durationInMinutes": 165,
                                "flightNumber": "1228",
                                "marketingCarrier": {
                                    "id": -31475,
                                    "name": "AirAsia India",
                                    "alternate_di": "04"
                                },
                                "operatingCarrier": {
                                    "id": -31475,
                                    "name": "AirAsia India",
                                    "alternate_di": "04"
                                }
                            },
                            {
                                "id": "10002-10075-2305151715-2305151900--31475",
                                "origin": {
                                    "flightPlaceId": "BLR",
                                    "parent": {
                                        "flightPlaceId": "BLR",
                                        "name": "Bengaluru",
                                        "type": "City"
                                    },
                                    "name": "Bengaluru",
                                    "type": "Airport"
                                },
                                "destination": {
                                    "flightPlaceId": "BOM",
                                    "parent": {
                                        "flightPlaceId": "BOM",
                                        "name": "Mumbai",
                                        "type": "City"
                                    },
                                    "name": "Mumbai",
                                    "type": "Airport"
                                },
                                "departure": "2023-05-15T17:15:00",
                                "arrival": "2023-05-15T19:00:00",
                                "durationInMinutes": 105,
                                "flightNumber": "613",
                                "marketingCarrier": {
                                    "id": -31475,
                                    "name": "AirAsia India",
                                    "alternate_di": "04"
                                },
                                "operatingCarrier": {
                                    "id": -31475,
                                    "name": "AirAsia India",
                                    "alternate_di": "04"
                                }
                            }
                        ]
                    }
                ],
                "pricing_options": [
                    {
                        "agents": [
                            {
                                "id": "asin",
                                "name": "AirAsia India",
                                "is_carrier": true,
                                "update_status": "pending",
                                "optimised_for_mobile": true,
                                "live_update_allowed": true,
                                "rating_status": "available",
                                "rating": 2.16,
                                "feedback_count": 557,
                                "rating_breakdown": {
                                    "reliable_prices": 2.075904,
                                    "clear_extra_fees": 3.884624,
                                    "customer_service": 5,
                                    "ease_of_booking": 2.015616,
                                    "other": 1
                                }
                            }
                        ],
                        "price": {
                            "amount": 8742.85,
                            "update_status": "pending",
                            "last_updated": "2022-12-28T02:34:00",
                            "quote_age": 172
                        },
                        "url": "https://www.skyscanner.net/transport_deeplink/4.0/UK/en-GB/INR/asin/1/10957.10075.2023-05-15/air/airli/flights?itinerary=flight%7C-31475%7C1228%7C10957%7C2023-05-15T09%3A30%7C10002%7C2023-05-15T12%3A15%7C165%7CKNRA000%7CK%7C-%3Bflight%7C-31475%7C613%7C10002%7C2023-05-15T17%3A15%7C10075%7C2023-05-15T19%3A00%7C105%7CKNRA000%7CK%7C-&carriers=-31475&operators=-31475%3B-31475&passengers=1&channel=website&cabin_class=economy&facilitated=false&ticket_price=8742.85&is_npt=false&is_multipart=false&client_id=skyscanner_website&q_sources=JACQUARD&commercial_filters=false&q_datetime_utc=2022-12-28T02%3A34%3A00&pqid=false"
                    }
                ],
                "deeplink": "https://www.skyscanner.net/transport/flights/del/bom/230515/config/10957-2305150930--31475-1-10075-2305151900?adults=1&adultsv2=1&cabinclass=economy&children=0&childrenv2=&destinationentityid=27539520&originentityid=27540706&inboundaltsenabled=false&infants=0&outboundaltsenabled=false&preferdirects=false&ref=home&rtn=0"
            },
            {
                "id": "10957-2305150810--31475-1-10075-2305151900",
                "legs": [
                    {
                        "id": "10957-2305150810--31475-1-10075-2305151900",
                        "origin": {
                            "id": 10957,
                            "name": "New Delhi",
                            "displayCode": "DEL"
                        },
                        "destination": {
                            "id": 10075,
                            "name": "Mumbai",
                            "displayCode": "BOM"
                        },
                        "durationInMinutes": 650,
                        "stopCount": 1,
                        "isSmallestStops": true,
                        "departure": "2023-05-15T08:10:00",
                        "arrival": "2023-05-15T19:00:00",
                        "timeDeltaInDays": 0,
                        "carriers": {
                            "marketing": [
                                {
                                    "id": -31475,
                                    "name": "AirAsia India"
                                }
                            ],
                            "operationType": "fully_operated"
                        },
                        "segments": [
                            {
                                "id": "10957-10002-2305150810-2305151055--31475",
                                "origin": {
                                    "flightPlaceId": "DEL",
                                    "parent": {
                                        "flightPlaceId": "DEL",
                                        "name": "New Delhi",
                                        "type": "City"
                                    },
                                    "name": "New Delhi",
                                    "type": "Airport"
                                },
                                "destination": {
                                    "flightPlaceId": "BLR",
                                    "parent": {
                                        "flightPlaceId": "BLR",
                                        "name": "Bengaluru",
                                        "type": "City"
                                    },
                                    "name": "Bengaluru",
                                    "type": "Airport"
                                },
                                "departure": "2023-05-15T08:10:00",
                                "arrival": "2023-05-15T10:55:00",
                                "durationInMinutes": 165,
                                "flightNumber": "740",
                                "marketingCarrier": {
                                    "id": -31475,
                                    "name": "AirAsia India",
                                    "alternate_di": "04"
                                },
                                "operatingCarrier": {
                                    "id": -31475,
                                    "name": "AirAsia India",
                                    "alternate_di": "04"
                                }
                            },
                            {
                                "id": "10002-10075-2305151715-2305151900--31475",
                                "origin": {
                                    "flightPlaceId": "BLR",
                                    "parent": {
                                        "flightPlaceId": "BLR",
                                        "name": "Bengaluru",
                                        "type": "City"
                                    },
                                    "name": "Bengaluru",
                                    "type": "Airport"
                                },
                                "destination": {
                                    "flightPlaceId": "BOM",
                                    "parent": {
                                        "flightPlaceId": "BOM",
                                        "name": "Mumbai",
                                        "type": "City"
                                    },
                                    "name": "Mumbai",
                                    "type": "Airport"
                                },
                                "departure": "2023-05-15T17:15:00",
                                "arrival": "2023-05-15T19:00:00",
                                "durationInMinutes": 105,
                                "flightNumber": "613",
                                "marketingCarrier": {
                                    "id": -31475,
                                    "name": "AirAsia India",
                                    "alternate_di": "04"
                                },
                                "operatingCarrier": {
                                    "id": -31475,
                                    "name": "AirAsia India",
                                    "alternate_di": "04"
                                }
                            }
                        ]
                    }
                ],
                "pricing_options": [
                    {
                        "agents": [
                            {
                                "id": "asin",
                                "name": "AirAsia India",
                                "is_carrier": true,
                                "update_status": "pending",
                                "optimised_for_mobile": true,
                                "live_update_allowed": true,
                                "rating_status": "available",
                                "rating": 2.16,
                                "feedback_count": 557,
                                "rating_breakdown": {
                                    "reliable_prices": 2.075904,
                                    "clear_extra_fees": 3.884624,
                                    "customer_service": 5,
                                    "ease_of_booking": 2.015616,
                                    "other": 1
                                }
                            }
                        ],
                        "price": {
                            "amount": 12353.9,
                            "update_status": "pending",
                            "last_updated": "2022-12-28T02:34:00",
                            "quote_age": 172
                        },
                        "url": "https://www.skyscanner.net/transport_deeplink/4.0/UK/en-GB/INR/asin/1/10957.10075.2023-05-15/air/airli/flights?itinerary=flight%7C-31475%7C740%7C10957%7C2023-05-15T08%3A10%7C10002%7C2023-05-15T10%3A55%7C165%7CKNRA000%7CK%7C-%3Bflight%7C-31475%7C613%7C10002%7C2023-05-15T17%3A15%7C10075%7C2023-05-15T19%3A00%7C105%7CKNRA000%7CK%7C-&carriers=-31475&operators=-31475%3B-31475&passengers=1&channel=website&cabin_class=economy&facilitated=false&ticket_price=12353.90&is_npt=false&is_multipart=false&client_id=skyscanner_website&q_sources=JACQUARD&commercial_filters=false&q_datetime_utc=2022-12-28T02%3A34%3A00&pqid=false"
                    }
                ],
                "deeplink": "https://www.skyscanner.net/transport/flights/del/bom/230515/config/10957-2305150810--31475-1-10075-2305151900?adults=1&adultsv2=1&cabinclass=economy&children=0&childrenv2=&destinationentityid=27539520&originentityid=27540706&inboundaltsenabled=false&infants=0&outboundaltsenabled=false&preferdirects=false&ref=home&rtn=0"
            },
            {
                "id": "10957-2305150710--31475-1-10075-2305151955",
                "legs": [
                    {
                        "id": "10957-2305150710--31475-1-10075-2305151955",
                        "origin": {
                            "id": 10957,
                            "name": "New Delhi",
                            "displayCode": "DEL"
                        },
                        "destination": {
                            "id": 10075,
                            "name": "Mumbai",
                            "displayCode": "BOM"
                        },
                        "durationInMinutes": 765,
                        "stopCount": 1,
                        "isSmallestStops": true,
                        "departure": "2023-05-15T07:10:00",
                        "arrival": "2023-05-15T19:55:00",
                        "timeDeltaInDays": 0,
                        "carriers": {
                            "marketing": [
                                {
                                    "id": -31475,
                                    "name": "AirAsia India"
                                }
                            ],
                            "operationType": "fully_operated"
                        },
                        "segments": [
                            {
                                "id": "10957-13601-2305150710-2305150825--31475",
                                "origin": {
                                    "flightPlaceId": "DEL",
                                    "parent": {
                                        "flightPlaceId": "DEL",
                                        "name": "New Delhi",
                                        "type": "City"
                                    },
                                    "name": "New Delhi",
                                    "type": "Airport"
                                },
                                "destination": {
                                    "flightPlaceId": "LKO",
                                    "parent": {
                                        "flightPlaceId": "LKO",
                                        "name": "Lucknow",
                                        "type": "City"
                                    },
                                    "name": "Lucknow",
                                    "type": "Airport"
                                },
                                "departure": "2023-05-15T07:10:00",
                                "arrival": "2023-05-15T08:25:00",
                                "durationInMinutes": 75,
                                "flightNumber": "548",
                                "marketingCarrier": {
                                    "id": -31475,
                                    "name": "AirAsia India",
                                    "alternate_di": "04"
                                },
                                "operatingCarrier": {
                                    "id": -31475,
                                    "name": "AirAsia India",
                                    "alternate_di": "04"
                                }
                            },
                            {
                                "id": "13601-10075-2305151735-2305151955--31475",
                                "origin": {
                                    "flightPlaceId": "LKO",
                                    "parent": {
                                        "flightPlaceId": "LKO",
                                        "name": "Lucknow",
                                        "type": "City"
                                    },
                                    "name": "Lucknow",
                                    "type": "Airport"
                                },
                                "destination": {
                                    "flightPlaceId": "BOM",
                                    "parent": {
                                        "flightPlaceId": "BOM",
                                        "name": "Mumbai",
                                        "type": "City"
                                    },
                                    "name": "Mumbai",
                                    "type": "Airport"
                                },
                                "departure": "2023-05-15T17:35:00",
                                "arrival": "2023-05-15T19:55:00",
                                "durationInMinutes": 140,
                                "flightNumber": "338",
                                "marketingCarrier": {
                                    "id": -31475,
                                    "name": "AirAsia India",
                                    "alternate_di": "04"
                                },
                                "operatingCarrier": {
                                    "id": -31475,
                                    "name": "AirAsia India",
                                    "alternate_di": "04"
                                }
                            }
                        ]
                    }
                ],
                "pricing_options": [
                    {
                        "agents": [
                            {
                                "id": "asin",
                                "name": "AirAsia India",
                                "is_carrier": true,
                                "update_status": "pending",
                                "optimised_for_mobile": true,
                                "live_update_allowed": true,
                                "rating_status": "available",
                                "rating": 2.16,
                                "feedback_count": 557,
                                "rating_breakdown": {
                                    "reliable_prices": 2.075904,
                                    "clear_extra_fees": 3.884624,
                                    "customer_service": 5,
                                    "ease_of_booking": 2.015616,
                                    "other": 1
                                }
                            }
                        ],
                        "price": {
                            "amount": 11404.37,
                            "update_status": "pending",
                            "last_updated": "2022-12-28T02:34:00",
                            "quote_age": 172
                        },
                        "url": "https://www.skyscanner.net/transport_deeplink/4.0/UK/en-GB/INR/asin/1/10957.10075.2023-05-15/air/airli/flights?itinerary=flight%7C-31475%7C548%7C10957%7C2023-05-15T07%3A10%7C13601%7C2023-05-15T08%3A25%7C75%7CKNRA015%7CK%7C-%3Bflight%7C-31475%7C338%7C13601%7C2023-05-15T17%3A35%7C10075%7C2023-05-15T19%3A55%7C140%7CKNRA015%7CK%7C-&carriers=-31475&operators=-31475%3B-31475&passengers=1&channel=website&cabin_class=economy&facilitated=false&ticket_price=11404.37&is_npt=false&is_multipart=false&client_id=skyscanner_website&q_sources=JACQUARD&commercial_filters=false&q_datetime_utc=2022-12-28T02%3A34%3A00&pqid=false"
                    }
                ],
                "deeplink": "https://www.skyscanner.net/transport/flights/del/bom/230515/config/10957-2305150710--31475-1-10075-2305151955?adults=1&adultsv2=1&cabinclass=economy&children=0&childrenv2=&destinationentityid=27539520&originentityid=27540706&inboundaltsenabled=false&infants=0&outboundaltsenabled=false&preferdirects=false&ref=home&rtn=0"
            },
            {
                "id": "10957-2305151245--31475-1-10075-2305160220",
                "legs": [
                    {
                        "id": "10957-2305151245--31475-1-10075-2305160220",
                        "origin": {
                            "id": 10957,
                            "name": "New Delhi",
                            "displayCode": "DEL"
                        },
                        "destination": {
                            "id": 10075,
                            "name": "Mumbai",
                            "displayCode": "BOM"
                        },
                        "durationInMinutes": 815,
                        "stopCount": 1,
                        "isSmallestStops": true,
                        "departure": "2023-05-15T12:45:00",
                        "arrival": "2023-05-16T02:20:00",
                        "timeDeltaInDays": 0,
                        "carriers": {
                            "marketing": [
                                {
                                    "id": -31475,
                                    "name": "AirAsia India"
                                }
                            ],
                            "operationType": "fully_operated"
                        },
                        "segments": [
                            {
                                "id": "10957-11906-2305151245-2305151525--31475",
                                "origin": {
                                    "flightPlaceId": "DEL",
                                    "parent": {
                                        "flightPlaceId": "DEL",
                                        "name": "New Delhi",
                                        "type": "City"
                                    },
                                    "name": "New Delhi",
                                    "type": "Airport"
                                },
                                "destination": {
                                    "flightPlaceId": "GOI",
                                    "parent": {
                                        "flightPlaceId": "GOI",
                                        "name": "Marmagao",
                                        "type": "City"
                                    },
                                    "name": "Goa",
                                    "type": "Airport"
                                },
                                "departure": "2023-05-15T12:45:00",
                                "arrival": "2023-05-15T15:25:00",
                                "durationInMinutes": 160,
                                "flightNumber": "798",
                                "marketingCarrier": {
                                    "id": -31475,
                                    "name": "AirAsia India",
                                    "alternate_di": "04"
                                },
                                "operatingCarrier": {
                                    "id": -31475,
                                    "name": "AirAsia India",
                                    "alternate_di": "04"
                                }
                            },
                            {
                                "id": "11906-10075-2305160100-2305160220--31475",
                                "origin": {
                                    "flightPlaceId": "GOI",
                                    "parent": {
                                        "flightPlaceId": "GOI",
                                        "name": "Marmagao",
                                        "type": "City"
                                    },
                                    "name": "Goa",
                                    "type": "Airport"
                                },
                                "destination": {
                                    "flightPlaceId": "BOM",
                                    "parent": {
                                        "flightPlaceId": "BOM",
                                        "name": "Mumbai",
                                        "type": "City"
                                    },
                                    "name": "Mumbai",
                                    "type": "Airport"
                                },
                                "departure": "2023-05-16T01:00:00",
                                "arrival": "2023-05-16T02:20:00",
                                "durationInMinutes": 80,
                                "flightNumber": "472",
                                "marketingCarrier": {
                                    "id": -31475,
                                    "name": "AirAsia India",
                                    "alternate_di": "04"
                                },
                                "operatingCarrier": {
                                    "id": -31475,
                                    "name": "AirAsia India",
                                    "alternate_di": "04"
                                }
                            }
                        ]
                    }
                ],
                "pricing_options": [
                    {
                        "agents": [
                            {
                                "id": "asin",
                                "name": "AirAsia India",
                                "is_carrier": true,
                                "update_status": "pending",
                                "optimised_for_mobile": true,
                                "live_update_allowed": true,
                                "rating_status": "available",
                                "rating": 2.16,
                                "feedback_count": 557,
                                "rating_breakdown": {
                                    "reliable_prices": 2.075904,
                                    "clear_extra_fees": 3.884624,
                                    "customer_service": 5,
                                    "ease_of_booking": 2.015616,
                                    "other": 1
                                }
                            }
                        ],
                        "price": {
                            "amount": 11277.71,
                            "update_status": "pending",
                            "last_updated": "2022-12-28T02:34:00",
                            "quote_age": 172
                        },
                        "url": "https://www.skyscanner.net/transport_deeplink/4.0/UK/en-GB/INR/asin/1/10957.10075.2023-05-15/air/airli/flights?itinerary=flight%7C-31475%7C798%7C10957%7C2023-05-15T12%3A45%7C11906%7C2023-05-15T15%3A25%7C160%7CKNRA015%7CK%7C-%3Bflight%7C-31475%7C472%7C11906%7C2023-05-16T01%3A00%7C10075%7C2023-05-16T02%3A20%7C80%7CKNRA015%7CK%7C-&carriers=-31475&operators=-31475%3B-31475&passengers=1&channel=website&cabin_class=economy&facilitated=false&ticket_price=11277.71&is_npt=false&is_multipart=false&client_id=skyscanner_website&q_sources=JACQUARD&commercial_filters=false&q_datetime_utc=2022-12-28T02%3A34%3A00&pqid=false"
                    }
                ],
                "deeplink": "https://www.skyscanner.net/transport/flights/del/bom/230515/config/10957-2305151245--31475-1-10075-2305160220?adults=1&adultsv2=1&cabinclass=economy&children=0&childrenv2=&destinationentityid=27539520&originentityid=27540706&inboundaltsenabled=false&infants=0&outboundaltsenabled=false&preferdirects=false&ref=home&rtn=0"
            },
            {
                "id": "10957-2305151630--31475-1-10075-2305160040",
                "legs": [
                    {
                        "id": "10957-2305151630--31475-1-10075-2305160040",
                        "origin": {
                            "id": 10957,
                            "name": "New Delhi",
                            "displayCode": "DEL"
                        },
                        "destination": {
                            "id": 10075,
                            "name": "Mumbai",
                            "displayCode": "BOM"
                        },
                        "durationInMinutes": 490,
                        "stopCount": 1,
                        "isSmallestStops": true,
                        "departure": "2023-05-15T16:30:00",
                        "arrival": "2023-05-16T00:40:00",
                        "timeDeltaInDays": 0,
                        "carriers": {
                            "marketing": [
                                {
                                    "id": -31475,
                                    "name": "AirAsia India"
                                }
                            ],
                            "operationType": "fully_operated"
                        },
                        "segments": [
                            {
                                "id": "10957-10002-2305151630-2305151920--31475",
                                "origin": {
                                    "flightPlaceId": "DEL",
                                    "parent": {
                                        "flightPlaceId": "DEL",
                                        "name": "New Delhi",
                                        "type": "City"
                                    },
                                    "name": "New Delhi",
                                    "type": "Airport"
                                },
                                "destination": {
                                    "flightPlaceId": "BLR",
                                    "parent": {
                                        "flightPlaceId": "BLR",
                                        "name": "Bengaluru",
                                        "type": "City"
                                    },
                                    "name": "Bengaluru",
                                    "type": "Airport"
                                },
                                "departure": "2023-05-15T16:30:00",
                                "arrival": "2023-05-15T19:20:00",
                                "durationInMinutes": 170,
                                "flightNumber": "784",
                                "marketingCarrier": {
                                    "id": -31475,
                                    "name": "AirAsia India",
                                    "alternate_di": "04"
                                },
                                "operatingCarrier": {
                                    "id": -31475,
                                    "name": "AirAsia India",
                                    "alternate_di": "04"
                                }
                            },
                            {
                                "id": "10002-10075-2305152250-2305160040--31475",
                                "origin": {
                                    "flightPlaceId": "BLR",
                                    "parent": {
                                        "flightPlaceId": "BLR",
                                        "name": "Bengaluru",
                                        "type": "City"
                                    },
                                    "name": "Bengaluru",
                                    "type": "Airport"
                                },
                                "destination": {
                                    "flightPlaceId": "BOM",
                                    "parent": {
                                        "flightPlaceId": "BOM",
                                        "name": "Mumbai",
                                        "type": "City"
                                    },
                                    "name": "Mumbai",
                                    "type": "Airport"
                                },
                                "departure": "2023-05-15T22:50:00",
                                "arrival": "2023-05-16T00:40:00",
                                "durationInMinutes": 110,
                                "flightNumber": "334",
                                "marketingCarrier": {
                                    "id": -31475,
                                    "name": "AirAsia India",
                                    "alternate_di": "04"
                                },
                                "operatingCarrier": {
                                    "id": -31475,
                                    "name": "AirAsia India",
                                    "alternate_di": "04"
                                }
                            }
                        ]
                    }
                ],
                "pricing_options": [
                    {
                        "agents": [
                            {
                                "id": "asin",
                                "name": "AirAsia India",
                                "is_carrier": true,
                                "update_status": "pending",
                                "optimised_for_mobile": true,
                                "live_update_allowed": true,
                                "rating_status": "available",
                                "rating": 2.16,
                                "feedback_count": 557,
                                "rating_breakdown": {
                                    "reliable_prices": 2.075904,
                                    "clear_extra_fees": 3.884624,
                                    "customer_service": 5,
                                    "ease_of_booking": 2.015616,
                                    "other": 1
                                }
                            }
                        ],
                        "price": {
                            "amount": 12353.9,
                            "update_status": "pending",
                            "last_updated": "2022-12-28T02:34:00",
                            "quote_age": 172
                        },
                        "url": "https://www.skyscanner.net/transport_deeplink/4.0/UK/en-GB/INR/asin/1/10957.10075.2023-05-15/air/airli/flights?itinerary=flight%7C-31475%7C784%7C10957%7C2023-05-15T16%3A30%7C10002%7C2023-05-15T19%3A20%7C170%7CKNRA000%7CK%7C-%3Bflight%7C-31475%7C334%7C10002%7C2023-05-15T22%3A50%7C10075%7C2023-05-16T00%3A40%7C110%7CKNRA000%7CK%7C-&carriers=-31475&operators=-31475%3B-31475&passengers=1&channel=website&cabin_class=economy&facilitated=false&ticket_price=12353.90&is_npt=false&is_multipart=false&client_id=skyscanner_website&q_sources=JACQUARD&commercial_filters=false&q_datetime_utc=2022-12-28T02%3A34%3A00&pqid=false"
                    }
                ],
                "deeplink": "https://www.skyscanner.net/transport/flights/del/bom/230515/config/10957-2305151630--31475-1-10075-2305160040?adults=1&adultsv2=1&cabinclass=economy&children=0&childrenv2=&destinationentityid=27539520&originentityid=27540706&inboundaltsenabled=false&infants=0&outboundaltsenabled=false&preferdirects=false&ref=home&rtn=0"
            }
        ]
    },
    "context": {
        "status": "incomplete",
        "sessionId": "98fd30a1-ca26-4949-b614-719268d1ca02"
    }
}